Timestamp,Application Name,Status,Description,Code,
2016-09-28 04:30:31,  CBS,Warning,Warning,code
2016-09-28 04:30:31,  CBS,Warning,Unrecognized packageExtended attribute.,code
2016-09-28 04:30:31,  CBS,Warning,Unrecognized packageExtended attribute.,code
2016-09-28 04:30:31,  CBS,Warning,Unrecognized packageExtended attribute.,code
2016-09-28 04:30:31,  CBS,Warning,Unrecognized packageExtended attribute.,code
2016-09-28 04:30:31,  CBS,Warning,Unrecognized packageExtended attribute.,code
2016-09-28 04:30:31,  CBS,Warning,Unrecognized packageExtended attribute.,code
2016-09-28 04:30:31,  CBS,Warning,Unrecognized packageExtended attribute.,code
2016-09-28 04:30:31,  CBS,Warning,Unrecognized packageExtended attribute.,code
2016-09-28 04:30:31,  CBS,Warning,Unrecognized packageExtended attribute.,code
2016-09-28 04:30:31,  CBS,Warning,Unrecognized packageExtended attribute.,code
2016-09-28 04:30:31,  CBS,Warning,Unrecognized packageExtended attribute.,code
2016-09-28 04:30:31,  CBS,Warning,Unrecognized packageExtended attribute.,code
2016-09-28 04:30:31,  CBS,Warning,Unrecognized packageExtended attribute.,code
2016-09-28 04:30:31,  CBS,Warning,Unrecognized packageExtended attribute.,code
2016-09-28 04:30:31,  CBS,Warning,Unrecognized packageExtended attribute.,code
2016-09-28 04:30:31,  CBS,Warning,Unrecognized packageExtended attribute.,code
2016-09-28 04:30:31,  CBS,Warning,Unrecognized packageExtended attribute.,code
2016-09-28 04:30:31,  CBS,Warning,Unrecognized packageExtended attribute.,code
2016-09-28 04:30:31,  CBS,Warning,Unrecognized packageExtended attribute.,code
2016-09-28 04:30:31,  CBS,Warning,Unrecognized packageExtended attribute.,code
2016-09-28 04:30:31,  CBS,Warning,Unrecognized packageExtended attribute.,code
2016-09-28 04:30:31,  CBS,Warning,Unrecognized packageExtended attribute.,code
2016-09-28 04:30:31,  CBS,Warning,Unrecognized packageExtended attribute.,code
2016-09-28 04:30:31,  CBS,Warning,Unrecognized packageExtended attribute.,code
2016-09-28 04:30:31,  CBS,Warning,Unrecognized packageExtended attribute.,code
2016-09-28 04:30:31,  CBS,Warning,Unrecognized packageExtended attribute.,code
2016-09-28 04:30:31,  CBS,Warning,Unrecognized packageExtended attribute.,code
2016-09-28 04:30:31,  CBS,Warning,Unrecognized packageExtended attribute.,code
2016-09-28 04:30:31,  CBS,Warning,Unrecognized packageExtended attribute.,code
2016-09-28 04:30:31,  CBS,Warning,Unrecognized packageExtended attribute.,code
2016-09-28 04:30:31,  CBS,Warning,Unrecognized packageExtended attribute.,code
2016-09-28 04:30:31,  CBS,Warning,Unrecognized packageExtended attribute.,code
2016-09-28 04:30:31,  CBS,Warning,Unrecognized packageExtended attribute.,code
2016-09-28 04:30:31,  CBS,Warning,Unrecognized packageExtended attribute.,code
2016-09-28 04:30:31,  CBS,Warning,Unrecognized packageExtended attribute.,code
2016-09-28 04:30:31,  CBS,Warning,Unrecognized packageExtended attribute.,code
2016-09-28 04:30:31,  CBS,Warning,Unrecognized packageExtended attribute.,code
2016-09-28 04:30:31,  CBS,Warning,Unrecognized packageExtended attribute.,code
2016-09-28 04:30:31,  CBS,Warning,Unrecognized packageExtended attribute.,code
2016-09-28 04:30:31,  CBS,Warning,Unrecognized packageExtended attribute.,code
2016-09-28 04:30:32,  CBS,Warning,Unrecognized packageExtended attribute.,code
2016-09-28 04:30:32,  CBS,Warning,Unrecognized packageExtended attribute.,code
2016-09-28 04:30:32,  CBS,Warning,Unrecognized packageExtended attribute.,code
2016-09-28 04:30:32,  CBS,Warning,Unrecognized packageExtended attribute.,code
2016-09-28 04:30:32,  CBS,Warning,Unrecognized packageExtended attribute.,code
2016-09-28 04:30:32,  CBS,Warning,Unrecognized packageExtended attribute.,code
2016-09-28 04:30:32,  CBS,Warning,Unrecognized packageExtended attribute.,code
2016-09-28 04:30:32,  CBS,Warning,Unrecognized packageExtended attribute.,code
2016-09-28 04:30:32,  CBS,Warning,Unrecognized packageExtended attribute.,code
2016-09-28 04:30:32,  CBS,Warning,Unrecognized packageExtended attribute.,code
2016-09-28 04:30:32,  CBS,Warning,Unrecognized packageExtended attribute.,code
2016-09-28 04:30:32,  CBS,Warning,Unrecognized packageExtended attribute.,code
2016-09-28 04:30:32,  CBS,Warning,Unrecognized packageExtended attribute.,code
2016-09-28 04:30:32,  CBS,Warning,Unrecognized packageExtended attribute.,code
2016-09-28 04:30:32,  CBS,Warning,Unrecognized packageExtended attribute.,code
2016-09-28 04:30:32,  CBS,Warning,Unrecognized packageExtended attribute.,code
2016-09-28 04:30:32,  CBS,Warning,Unrecognized packageExtended attribute.,code
2016-09-28 04:30:32,  CBS,Warning,Unrecognized packageExtended attribute.,code
2016-09-28 04:30:32,  CBS,Warning,Unrecognized packageExtended attribute.,code
2016-09-28 04:30:32,  CBS,Warning,Unrecognized packageExtended attribute.,code
2016-09-28 04:30:32,  CBS,Warning,Unrecognized packageExtended attribute.,code
2016-09-28 04:30:32,  CBS,Warning,Unrecognized packageExtended attribute.,code
2016-09-28 04:30:32,  CBS,Warning,Unrecognized packageExtended attribute.,code
2016-09-28 04:30:32,  CBS,Warning,Unrecognized packageExtended attribute.,code
2016-09-28 04:30:32,  CBS,Warning,Unrecognized packageExtended attribute.,code
2016-09-28 04:30:32,  CBS,Warning,Unrecognized packageExtended attribute.,code
2016-09-28 04:30:32,  CBS,Warning,Unrecognized packageExtended attribute.,code
2016-09-28 04:30:32,  CBS,Warning,Unrecognized packageExtended attribute.,code
2016-09-28 04:30:32,  CBS,Warning,Unrecognized packageExtended attribute.,code
2016-09-28 04:30:32,  CBS,Warning,Unrecognized packageExtended attribute.,code
2016-09-28 04:30:32,  CBS,Warning,Unrecognized packageExtended attribute.,code
2016-09-28 04:30:32,  CBS,Warning,Unrecognized packageExtended attribute.,code
2016-09-28 04:30:32,  CBS,Warning,Unrecognized packageExtended attribute.,code
2016-09-28 04:30:32,  CBS,Warning,Unrecognized packageExtended attribute.,code
2016-09-28 04:30:32,  CBS,Warning,Unrecognized packageExtended attribute.,code
2016-09-28 04:30:32,  CBS,Warning,Unrecognized packageExtended attribute.,code
2016-09-28 04:30:32,  CBS,Warning,Unrecognized packageExtended attribute.,code
2016-09-28 04:30:32,  CBS,Warning,Unrecognized packageExtended attribute.,code
2016-09-28 04:30:32,  CBS,Warning,Unrecognized packageExtended attribute.,code
2016-09-28 04:30:32,  CBS,Warning,Unrecognized packageExtended attribute.,code
2016-09-28 04:30:33,  CBS,Warning,Unrecognized packageExtended attribute.,code
2016-09-28 04:30:33,  CBS,Warning,Unrecognized packageExtended attribute.,code
2016-09-28 04:30:33,  CBS,Warning,Unrecognized packageExtended attribute.,code
2016-09-28 04:30:33,  CBS,Warning,Unrecognized packageExtended attribute.,code
2016-09-28 04:30:33,  CBS,Warning,Unrecognized packageExtended attribute.,code
2016-09-28 04:30:33,  CBS,Warning,Unrecognized packageExtended attribute.,code
2016-09-28 04:30:33,  CBS,Warning,Unrecognized packageExtended attribute.,code
2016-09-28 04:30:33,  CBS,Warning,Unrecognized packageExtended attribute.,code
2016-09-28 04:30:33,  CBS,Warning,Unrecognized packageExtended attribute.,code
2016-09-28 04:30:33,  CBS,Warning,Unrecognized packageExtended attribute.,code
2016-09-28 04:30:33,  CBS,Warning,Unrecognized packageExtended attribute.,code
2016-09-28 04:30:33,  CBS,Warning,Unrecognized packageExtended attribute.,code
2016-09-28 04:30:33,  CBS,Warning,Unrecognized packageExtended attribute.,code
2016-09-28 04:30:33,  CBS,Warning,Unrecognized packageExtended attribute.,code
2016-09-28 04:30:33,  CBS,Warning,Unrecognized packageExtended attribute.,code
2016-09-28 04:30:33,  CBS,Warning,Unrecognized packageExtended attribute.,code
2016-09-28 04:30:33,  CBS,Warning,Unrecognized packageExtended attribute.,code
2016-09-28 04:30:33,  CBS,Warning,Unrecognized packageExtended attribute.,code
2016-09-28 04:30:33,  CBS,Warning,Unrecognized packageExtended attribute.,code
2016-09-28 04:30:33,  CBS,Warning,Unrecognized packageExtended attribute.,code
2016-09-28 04:30:33,  CBS,Warning,Unrecognized packageExtended attribute.,code
2016-09-28 04:30:33,  CBS,Warning,Unrecognized packageExtended attribute.,code
2016-09-28 04:30:33,  CBS,Warning,Unrecognized packageExtended attribute.,code
2016-09-28 04:30:33,  CBS,Warning,Unrecognized packageExtended attribute.,code
2016-09-28 04:30:33,  CBS,Warning,Unrecognized packageExtended attribute.,code
2016-09-28 04:30:33,  CBS,Warning,Unrecognized packageExtended attribute.,code
2016-09-28 04:30:33,  CBS,Warning,Unrecognized packageExtended attribute.,code
2016-09-28 04:30:33,  CBS,Warning,Unrecognized packageExtended attribute.,code
2016-09-28 04:30:33,  CBS,Warning,Unrecognized packageExtended attribute.,code
2016-09-28 04:30:33,  CBS,Warning,Unrecognized packageExtended attribute.,code
2016-09-28 04:30:33,  CBS,Warning,Unrecognized packageExtended attribute.,code
2016-09-28 04:30:33,  CBS,Warning,Unrecognized packageExtended attribute.,code
2016-09-28 04:30:33,  CBS,Warning,Unrecognized packageExtended attribute.,code
2016-09-28 04:30:33,  CBS,Warning,Unrecognized packageExtended attribute.,code
2016-09-28 04:30:33,  CBS,Warning,Unrecognized packageExtended attribute.,code
2016-09-28 04:30:33,  CBS,Warning,Unrecognized packageExtended attribute.,code
2016-09-28 04:30:33,  CBS,Warning,Unrecognized packageExtended attribute.,code
2016-09-28 04:30:33,  CBS,Warning,Unrecognized packageExtended attribute.,code
2016-09-28 04:30:33,  CBS,Warning,Unrecognized packageExtended attribute.,code
2016-09-28 04:30:33,  CBS,Warning,Unrecognized packageExtended attribute.,code
2016-09-29 00:00:46,  CBS,Warning,Warning,code
2016-09-29 00:01:46,  CBS,Warning,Unrecognized packageExtended attribute.,code
2016-09-29 00:01:46,  CBS,Warning,Unrecognized packageExtended attribute.,code
2016-09-29 00:01:46,  CBS,Warning,Unrecognized packageExtended attribute.,code
2016-09-29 00:01:46,  CBS,Warning,Unrecognized packageExtended attribute.,code
2016-09-29 00:01:46,  CBS,Warning,Unrecognized packageExtended attribute.,code
2016-09-29 00:01:46,  CBS,Warning,Unrecognized packageExtended attribute.,code
2016-09-29 00:01:46,  CBS,Warning,Unrecognized packageExtended attribute.,code
2016-09-29 00:01:46,  CBS,Warning,Unrecognized packageExtended attribute.,code
2016-09-29 00:01:46,  CBS,Warning,Unrecognized packageExtended attribute.,code
2016-09-29 00:01:46,  CBS,Warning,Unrecognized packageExtended attribute.,code
2016-09-29 00:01:47,  CBS,Warning,Unrecognized packageExtended attribute.,code
2016-09-29 00:01:47,  CBS,Warning,Unrecognized packageExtended attribute.,code
2016-09-29 00:01:47,  CBS,Warning,Unrecognized packageExtended attribute.,code
2016-09-29 00:01:47,  CBS,Warning,Unrecognized packageExtended attribute.,code
2016-09-29 00:01:47,  CBS,Warning,Unrecognized packageExtended attribute.,code
2016-09-29 00:01:47,  CBS,Warning,Unrecognized packageExtended attribute.,code
2016-09-29 00:01:47,  CBS,Warning,Unrecognized packageExtended attribute.,code
2016-09-29 00:01:47,  CBS,Warning,Unrecognized packageExtended attribute.,code
2016-09-29 00:01:47,  CBS,Warning,Unrecognized packageExtended attribute.,code
2016-09-29 00:01:47,  CBS,Warning,Unrecognized packageExtended attribute.,code
2016-09-29 00:01:47,  CBS,Warning,Unrecognized packageExtended attribute.,code
2016-09-29 00:01:47,  CBS,Warning,Unrecognized packageExtended attribute.,code
2016-09-29 00:01:47,  CBS,Warning,Unrecognized packageExtended attribute.,code
2016-09-29 00:01:47,  CBS,Warning,Unrecognized packageExtended attribute.,code
2016-09-29 00:01:47,  CBS,Warning,Unrecognized packageExtended attribute.,code
2016-09-29 00:01:47,  CBS,Warning,Unrecognized packageExtended attribute.,code
2016-09-29 00:01:47,  CBS,Warning,Unrecognized packageExtended attribute.,code
2016-09-29 00:01:47,  CBS,Warning,Unrecognized packageExtended attribute.,code
2016-09-29 00:01:47,  CBS,Warning,Unrecognized packageExtended attribute.,code
2016-09-29 00:01:47,  CBS,Warning,Unrecognized packageExtended attribute.,code
2016-09-29 00:01:47,  CBS,Warning,Unrecognized packageExtended attribute.,code
2016-09-29 00:01:47,  CBS,Warning,Unrecognized packageExtended attribute.,code
2016-09-29 00:01:47,  CBS,Warning,Unrecognized packageExtended attribute.,code
2016-09-29 00:01:47,  CBS,Warning,Unrecognized packageExtended attribute.,code
2016-09-29 00:01:47,  CBS,Warning,Unrecognized packageExtended attribute.,code
2016-09-29 00:01:47,  CBS,Warning,Unrecognized packageExtended attribute.,code
2016-09-29 00:01:47,  CBS,Warning,Unrecognized packageExtended attribute.,code
2016-09-29 00:01:47,  CBS,Warning,Unrecognized packageExtended attribute.,code
2016-09-29 00:01:47,  CBS,Warning,Unrecognized packageExtended attribute.,code
2016-09-29 00:01:47,  CBS,Warning,Unrecognized packageExtended attribute.,code
2016-09-29 02:03:46,  CBS,Warning,Unrecognized packageExtended attribute.,code
2016-09-29 02:03:46,  CBS,Warning,Unrecognized packageExtended attribute.,code
2016-09-29 02:03:46,  CBS,Warning,Unrecognized packageExtended attribute.,code
2016-09-29 02:03:46,  CBS,Warning,Unrecognized packageExtended attribute.,code
2016-09-29 02:03:46,  CBS,Warning,Unrecognized packageExtended attribute.,code
2016-09-29 02:03:46,  CBS,Warning,Unrecognized packageExtended attribute.,code
2016-09-29 02:03:46,  CBS,Warning,Unrecognized packageExtended attribute.,code
2016-09-29 02:03:46,  CBS,Warning,Unrecognized packageExtended attribute.,code
2016-09-29 02:03:46,  CBS,Warning,Unrecognized packageExtended attribute.,code
2016-09-29 02:03:46,  CBS,Warning,Unrecognized packageExtended attribute.,code
2016-09-29 02:03:46,  CBS,Warning,Unrecognized packageExtended attribute.,code
2016-09-29 02:03:46,  CBS,Warning,Unrecognized packageExtended attribute.,code
2016-09-29 02:03:46,  CBS,Warning,Unrecognized packageExtended attribute.,code
2016-09-29 02:03:46,  CBS,Warning,Unrecognized packageExtended attribute.,code
2016-09-29 02:03:46,  CBS,Warning,Unrecognized packageExtended attribute.,code
2016-09-29 02:03:46,  CBS,Warning,Unrecognized packageExtended attribute.,code
2016-09-29 02:03:46,  CBS,Warning,Unrecognized packageExtended attribute.,code
2016-09-29 02:03:46,  CBS,Warning,Unrecognized packageExtended attribute.,code
2016-09-29 02:03:46,  CBS,Warning,Unrecognized packageExtended attribute.,code
2016-09-29 02:03:46,  CBS,Warning,Unrecognized packageExtended attribute.,code
2016-09-29 02:03:46,  CBS,Warning,Unrecognized packageExtended attribute.,code
2016-09-29 02:03:46,  CBS,Warning,Unrecognized packageExtended attribute.,code
2016-09-29 02:03:46,  CBS,Warning,Unrecognized packageExtended attribute.,code
2016-09-29 02:03:46,  CBS,Warning,Unrecognized packageExtended attribute.,code
2016-09-29 02:03:46,  CBS,Warning,Unrecognized packageExtended attribute.,code
2016-09-29 02:03:46,  CBS,Warning,Unrecognized packageExtended attribute.,code
2016-09-29 02:03:46,  CBS,Warning,Unrecognized packageExtended attribute.,code
2016-09-29 02:03:46,  CBS,Warning,Unrecognized packageExtended attribute.,code
2016-09-29 02:03:46,  CBS,Warning,Unrecognized packageExtended attribute.,code
2016-09-29 02:03:46,  CBS,Warning,Unrecognized packageExtended attribute.,code
2016-09-29 02:03:46,  CBS,Warning,Unrecognized packageExtended attribute.,code
2016-09-29 02:03:46,  CBS,Warning,Unrecognized packageExtended attribute.,code
2016-09-29 02:03:46,  CBS,Warning,Unrecognized packageExtended attribute.,code
2016-09-29 02:03:46,  CBS,Warning,Unrecognized packageExtended attribute.,code
2016-09-29 02:03:46,  CBS,Warning,Unrecognized packageExtended attribute.,code
2016-09-29 02:03:46,  CBS,Warning,Unrecognized packageExtended attribute.,code
2016-09-29 02:03:46,  CBS,Warning,Unrecognized packageExtended attribute.,code
2016-09-29 02:03:46,  CBS,Warning,Unrecognized packageExtended attribute.,code
2016-09-29 02:03:46,  CBS,Warning,Unrecognized packageExtended attribute.,code
2016-09-29 02:03:46,  CBS,Warning,Unrecognized packageExtended attribute.,code
2016-09-29 02:03:48,  CBS,Warning,Unrecognized packageExtended attribute.,code
2016-09-29 02:03:48,  CBS,Warning,Unrecognized packageExtended attribute.,code
2016-09-29 02:03:48,  CBS,Warning,Unrecognized packageExtended attribute.,code
2016-09-29 02:03:48,  CBS,Warning,Unrecognized packageExtended attribute.,code
2016-09-29 02:03:48,  CBS,Warning,Unrecognized packageExtended attribute.,code
2016-09-29 02:03:48,  CBS,Warning,Unrecognized packageExtended attribute.,code
2016-09-29 02:03:48,  CBS,Warning,Unrecognized packageExtended attribute.,code
2016-09-29 02:03:48,  CBS,Warning,Unrecognized packageExtended attribute.,code
2016-09-29 02:03:48,  CBS,Warning,Unrecognized packageExtended attribute.,code
2016-09-29 02:03:48,  CBS,Warning,Unrecognized packageExtended attribute.,code
2016-09-29 02:03:48,  CBS,Warning,Unrecognized packageExtended attribute.,code
2016-09-29 02:03:48,  CBS,Warning,Unrecognized packageExtended attribute.,code
2016-09-29 02:03:48,  CBS,Warning,Unrecognized packageExtended attribute.,code
2016-09-29 02:03:48,  CBS,Warning,Unrecognized packageExtended attribute.,code
2016-09-29 02:03:48,  CBS,Warning,Unrecognized packageExtended attribute.,code
2016-09-29 02:03:48,  CBS,Warning,Unrecognized packageExtended attribute.,code
2016-09-29 02:03:48,  CBS,Warning,Unrecognized packageExtended attribute.,code
2016-09-29 02:03:48,  CBS,Warning,Unrecognized packageExtended attribute.,code
2016-09-29 02:03:48,  CBS,Warning,Unrecognized packageExtended attribute.,code
2016-09-29 02:03:48,  CBS,Warning,Unrecognized packageExtended attribute.,code
2016-09-29 02:03:48,  CBS,Warning,Unrecognized packageExtended attribute.,code
2016-09-29 02:03:48,  CBS,Warning,Unrecognized packageExtended attribute.,code
2016-09-29 02:03:48,  CBS,Warning,Unrecognized packageExtended attribute.,code
2016-09-29 02:03:48,  CBS,Warning,Unrecognized packageExtended attribute.,code
2016-09-29 02:03:48,  CBS,Warning,Unrecognized packageExtended attribute.,code
2016-09-29 02:03:48,  CBS,Warning,Unrecognized packageExtended attribute.,code
2016-09-29 02:03:48,  CBS,Warning,Unrecognized packageExtended attribute.,code
2016-09-29 02:03:48,  CBS,Warning,Unrecognized packageExtended attribute.,code
2016-09-29 02:03:48,  CBS,Warning,Unrecognized packageExtended attribute.,code
2016-09-29 02:03:48,  CBS,Warning,Unrecognized packageExtended attribute.,code
2016-09-29 02:03:48,  CBS,Warning,Unrecognized packageExtended attribute.,code
2016-09-29 02:03:48,  CBS,Warning,Unrecognized packageExtended attribute.,code
2016-09-29 02:03:48,  CBS,Warning,Unrecognized packageExtended attribute.,code
2016-09-29 02:03:48,  CBS,Warning,Unrecognized packageExtended attribute.,code
2016-09-29 02:03:48,  CBS,Warning,Unrecognized packageExtended attribute.,code
2016-09-29 02:03:48,  CBS,Warning,Unrecognized packageExtended attribute.,code
2016-09-29 02:03:48,  CBS,Warning,Unrecognized packageExtended attribute.,code
2016-09-29 02:03:48,  CBS,Warning,Unrecognized packageExtended attribute.,code
2016-09-29 02:03:48,  CBS,Warning,Unrecognized packageExtended attribute.,code
2016-09-29 02:03:48,  CBS,Warning,Unrecognized packageExtended attribute.,code
2016-09-29 02:03:48,  CBS,Warning,Unrecognized packageExtended attribute.,code
2016-09-29 02:03:48,  CBS,Warning,Unrecognized packageExtended attribute.,code
2016-09-29 02:03:48,  CBS,Warning,Unrecognized packageExtended attribute.,code
2016-09-29 02:03:48,  CBS,Warning,Unrecognized packageExtended attribute.,code
2016-09-29 02:03:48,  CBS,Warning,Unrecognized packageExtended attribute.,code
2016-09-29 02:03:48,  CBS,Warning,Unrecognized packageExtended attribute.,code
2016-09-29 02:03:48,  CBS,Warning,Unrecognized packageExtended attribute.,code
2016-09-29 02:03:48,  CBS,Warning,Unrecognized packageExtended attribute.,code
2016-09-29 02:03:48,  CBS,Warning,Unrecognized packageExtended attribute.,code
2016-09-29 02:03:48,  CBS,Warning,Unrecognized packageExtended attribute.,code
2016-09-29 02:03:48,  CBS,Warning,Unrecognized packageExtended attribute.,code
2016-09-29 02:03:48,  CBS,Warning,Unrecognized packageExtended attribute.,code
2016-09-29 02:03:48,  CBS,Warning,Unrecognized packageExtended attribute.,code
2016-09-29 02:03:48,  CBS,Warning,Unrecognized packageExtended attribute.,code
2016-09-29 02:03:48,  CBS,Warning,Unrecognized packageExtended attribute.,code
2016-09-29 02:03:48,  CBS,Warning,Unrecognized packageExtended attribute.,code
2016-09-29 02:03:48,  CBS,Warning,Unrecognized packageExtended attribute.,code
2016-09-29 02:03:48,  CBS,Warning,Unrecognized packageExtended attribute.,code
2016-09-29 02:03:48,  CBS,Warning,Unrecognized packageExtended attribute.,code
2016-09-29 02:03:48,  CBS,Warning,Unrecognized packageExtended attribute.,code
2016-09-29 02:03:48,  CBS,Warning,Unrecognized packageExtended attribute.,code
2016-09-29 02:03:48,  CBS,Warning,Unrecognized packageExtended attribute.,code
2016-09-29 02:03:48,  CBS,Warning,Unrecognized packageExtended attribute.,code
2016-09-29 02:03:48,  CBS,Warning,Unrecognized packageExtended attribute.,code
2016-09-29 02:03:48,  CBS,Warning,Unrecognized packageExtended attribute.,code
2016-09-29 02:03:48,  CBS,Warning,Unrecognized packageExtended attribute.,code
2016-09-29 02:03:48,  CBS,Warning,Unrecognized packageExtended attribute.,code
2016-09-29 02:03:48,  CBS,Warning,Unrecognized packageExtended attribute.,code
2016-09-29 02:03:48,  CBS,Warning,Unrecognized packageExtended attribute.,code
2016-09-29 02:03:48,  CBS,Warning,Unrecognized packageExtended attribute.,code
2016-09-29 02:03:48,  CBS,Warning,Unrecognized packageExtended attribute.,code
2016-09-29 02:03:48,  CBS,Warning,Unrecognized packageExtended attribute.,code
2016-09-29 02:03:48,  CBS,Warning,Unrecognized packageExtended attribute.,code
2016-09-29 02:03:48,  CBS,Warning,Unrecognized packageExtended attribute.,code
2016-09-29 02:03:48,  CBS,Warning,Unrecognized packageExtended attribute.,code
2016-09-29 02:03:48,  CBS,Warning,Unrecognized packageExtended attribute.,code
2016-09-29 02:03:48,  CBS,Warning,Unrecognized packageExtended attribute.,code
2016-09-29 02:03:48,  CBS,Warning,Unrecognized packageExtended attribute.,code
2016-09-29 02:03:48,  CBS,Warning,Unrecognized packageExtended attribute.,code
2016-09-29 02:03:48,  CBS,Warning,Unrecognized packageExtended attribute.,code
